learnrate,window_size,lam,networksize,seed,sharpe,cumret,meanret,stdret
0.001,1.0,2.7752499999999998,64.0,4.5,3.33425,1.272875,0.0021750000000000003,0.009025
