networksize,window_size,lam,learnrate,seed,sharpe,cumret,meanret,stdret
64,1.0,2.7752499999999998,0.001,4.5,2.0574749999999997,1.1948750000000001,0.001475,0.011425
