networksize,window_size,lam,learnrate,seed,sharpe,cumret,meanret,stdret
64,1.0,2.7752499999999998,0.001,4.5,1.02615,1.0994249999999999,0.0007,0.0115
