learnrate,window_size,lam,networksize,seed,sharpe,cumret,meanret,stdret
0.001,1.0,2.7752499999999998,64.0,4.5,1.1771500000000001,1.112525,0.000875,0.012025
