networksize,window_size,lam,learnrate,seed,sharpe,cumret,meanret,stdret
64,16.0,2.7752499999999998,0.001,4.5,0.8756475,1.0801349999999998,0.0005675000000000001,0.011035
