asset,avg_weight
JPM,0.18032383918762207
JNJ,0.2002306580543518
XOM,0.16722853481769562
PG,0.18155288696289062
MSFT,0.27066415548324585
