networksize,window_size,lam,learnrate,seed,sharpe,cumret,meanret,stdret
64,1.0,0.1,0.001,14.5,4.597133333333333,1.4111666666666667,0.0031666666666666666,0.010333333333333333
