window_size,lam,networksize,learnrate,seed,sharpe,cumret,meanret,stdret
1,2.7752499999999998,64.0,0.001,4.5,3.0744000000000002,1.247575,0.001925,0.008975
