learnrate,window_size,lam,networksize,seed,sharpe,cumret,meanret,stdret
0.001,1.0,2.7752499999999998,64.0,4.5,3.0744000000000002,1.247575,0.001925,0.008975
