networksize,window_size,lam,learnrate,seed,sharpe,cumret,meanret,stdret
64,110.0,2.7752499999999998,0.001,4.5,1.36745,1.1229666666666667,0.0008500000000000001,0.0116
