learnrate,window_size,lam,networksize,seed,sharpe,cumret,meanret,stdret
0.001,1.0,0.1,64.0,14.5,4.597133333333333,1.4111666666666667,0.0031666666666666666,0.010333333333333333
