window_size,lam,networksize,learnrate,seed,sharpe,cumret,meanret,stdret
1,2.7752499999999998,64.0,0.001,4.5,2.0574749999999997,1.1948750000000001,0.001475,0.011425
