networksize,window_size,lam,learnrate,seed,sharpe,cumret,meanret,stdret
64,1.0,2.7752499999999998,0.001,4.5,3.0744000000000002,1.247575,0.001925,0.008975
