window_size,lam,networksize,learnrate,seed,sharpe,cumret,meanret,stdret
1,0.001,64,0.001,4.5,5.1447,1.4554,0.0034000000000000002,0.010499999999999999
1,0.1,64,0.001,4.5,4.8003,1.4372,0.0034000000000000002,0.0111
1,1.0,64,0.001,4.5,3.3213999999999997,1.3198,0.0023,0.0111
1,10.0,64,0.001,4.5,1.4299,1.1438,0.0012000000000000001,0.0104
