asset,avg_weight
JPM,0.18698802590370178
JNJ,0.23589833080768585
MSFT,0.2681058943271637
PG,0.12980008125305176
XOM,0.17920765280723572
